{
  "model_version": "20260213_175430_subcategory",
  "model_type": "xgboost",
  "metrics": {
    "API": {
      "precision": 0.196048632218845,
      "recall": 0.19938176197836166,
      "f1-score": 0.19770114942528735,
      "support": 647.0
    },
    "Access Control": {
      "precision": 0.2,
      "recall": 0.2356687898089172,
      "f1-score": 0.21637426900584794,
      "support": 628.0
    },
    "Authentication": {
      "precision": 0.19389312977099238,
      "recall": 0.18621700879765396,
      "f1-score": 0.18997756170531038,
      "support": 682.0
    },
    "Authorization": {
      "precision": 0.21161290322580645,
      "recall": 0.24153166421207659,
      "f1-score": 0.22558459422283356,
      "support": 679.0
    },
    "Billing": {
      "precision": 0.1977401129943503,
      "recall": 0.20408163265306123,
      "f1-score": 0.20086083213773315,
      "support": 686.0
    },
    "Bug": {
      "precision": 0.21637426900584794,
      "recall": 0.23161189358372458,
      "f1-score": 0.2237339380196523,
      "support": 639.0
    },
    "Compatibility": {
      "precision": 0.18038528896672504,
      "recall": 0.16693679092382496,
      "f1-score": 0.1734006734006734,
      "support": 617.0
    },
    "Compliance": {
      "precision": 0.21484992101105846,
      "recall": 0.2082695252679939,
      "f1-score": 0.2115085536547434,
      "support": 653.0
    },
    "Configuration": {
      "precision": 0.2094240837696335,
      "recall": 0.17191977077363896,
      "f1-score": 0.1888276947285602,
      "support": 698.0
    },
    "Corruption": {
      "precision": 0.21993127147766323,
      "recall": 0.18104667609618105,
      "f1-score": 0.19860356865787432,
      "support": 707.0
    },
    "Data Loss": {
      "precision": 0.18681318681318682,
      "recall": 0.18478260869565216,
      "f1-score": 0.18579234972677597,
      "support": 644.0
    },
    "Documentation": {
      "precision": 0.18641390205371247,
      "recall": 0.18181818181818182,
      "f1-score": 0.18408736349453977,
      "support": 649.0
    },
    "Encryption": {
      "precision": 0.20974889217134415,
      "recall": 0.21417797888386123,
      "f1-score": 0.21194029850746268,
      "support": 663.0
    },
    "Enhancement": {
      "precision": 0.18543956043956045,
      "recall": 0.20270270270270271,
      "f1-score": 0.19368723098995697,
      "support": 666.0
    },
    "Import/Export": {
      "precision": 0.2033898305084746,
      "recall": 0.2604340567612688,
      "f1-score": 0.22840409956076135,
      "support": 599.0
    },
    "Integration": {
      "precision": 0.2237017310252996,
      "recall": 0.2553191489361702,
      "f1-score": 0.23846699787083037,
      "support": 658.0
    },
    "License": {
      "precision": 0.17884914463452567,
      "recall": 0.17584097859327216,
      "f1-score": 0.17733230531996916,
      "support": 654.0
    },
    "New Feature": {
      "precision": 0.17025440313111545,
      "recall": 0.1332312404287902,
      "f1-score": 0.14948453608247422,
      "support": 653.0
    },
    "Performance": {
      "precision": 0.20953757225433525,
      "recall": 0.21936459909228442,
      "f1-score": 0.21433850702143384,
      "support": 661.0
    },
    "Subscription": {
      "precision": 0.23183925811437403,
      "recall": 0.21676300578034682,
      "f1-score": 0.22404779686333084,
      "support": 692.0
    },
    "Sync Error": {
      "precision": 0.21309370988446727,
      "recall": 0.24702380952380953,
      "f1-score": 0.22880771881461062,
      "support": 672.0
    },
    "UI/UX": {
      "precision": 0.21966794380587484,
      "recall": 0.24855491329479767,
      "f1-score": 0.23322033898305083,
      "support": 692.0
    },
    "Upgrade": {
      "precision": 0.19073083778966132,
      "recall": 0.1671875,
      "f1-score": 0.1781848459616986,
      "support": 640.0
    },
    "Validation": {
      "precision": 0.22920517560073936,
      "recall": 0.181021897810219,
      "f1-score": 0.20228384991843393,
      "support": 685.0
    },
    "Vulnerability": {
      "precision": 0.19439579684763572,
      "recall": 0.17452830188679244,
      "f1-score": 0.18392709196354598,
      "support": 636.0
    },
    "accuracy": 0.2035151515151515,
    "macro avg": {
      "precision": 0.20293362230060918,
      "recall": 0.20357665753214335,
      "f1-score": 0.20242312664149562,
      "support": 16500.0
    },
    "weighted avg": {
      "precision": 0.20323771809049654,
      "recall": 0.2035151515151515,
      "f1-score": 0.2025455883969155,
      "support": 16500.0
    }
  }
}