{
  "model_version": "20260213_152710",
  "model_type": "xgboost",
  "metrics": {
    "API": {
      "precision": 0.21746575342465754,
      "recall": 0.19271623672230653,
      "f1-score": 0.20434432823813356,
      "support": 659.0
    },
    "Access Control": {
      "precision": 0.17740112994350282,
      "recall": 0.23716012084592145,
      "f1-score": 0.20297349709114415,
      "support": 662.0
    },
    "Authentication": {
      "precision": 0.1869031377899045,
      "recall": 0.20386904761904762,
      "f1-score": 0.19501779359430604,
      "support": 672.0
    },
    "Authorization": {
      "precision": 0.18719806763285024,
      "recall": 0.23168908819133036,
      "f1-score": 0.2070808283233133,
      "support": 669.0
    },
    "Billing": {
      "precision": 0.21440536013400335,
      "recall": 0.191044776119403,
      "f1-score": 0.20205209155485399,
      "support": 670.0
    },
    "Bug": {
      "precision": 0.1894150417827298,
      "recall": 0.20637329286798178,
      "f1-score": 0.19753086419753085,
      "support": 659.0
    },
    "Compatibility": {
      "precision": 0.18045112781954886,
      "recall": 0.11232449297971919,
      "f1-score": 0.13846153846153847,
      "support": 641.0
    },
    "Compliance": {
      "precision": 0.19971671388101983,
      "recall": 0.21044776119402986,
      "f1-score": 0.20494186046511628,
      "support": 670.0
    },
    "Configuration": {
      "precision": 0.1948249619482496,
      "recall": 0.19423368740515934,
      "f1-score": 0.1945288753799392,
      "support": 659.0
    },
    "Corruption": {
      "precision": 0.21,
      "recall": 0.24925816023738873,
      "f1-score": 0.22795115332428764,
      "support": 674.0
    },
    "Data Loss": {
      "precision": 0.21052631578947367,
      "recall": 0.18404907975460122,
      "f1-score": 0.19639934533551553,
      "support": 652.0
    },
    "Documentation": {
      "precision": 0.19161676646706588,
      "recall": 0.19423368740515934,
      "f1-score": 0.19291635267520724,
      "support": 659.0
    },
    "Encryption": {
      "precision": 0.19168173598553345,
      "recall": 0.16158536585365854,
      "f1-score": 0.17535153019023986,
      "support": 656.0
    },
    "Enhancement": {
      "precision": 0.2015267175572519,
      "recall": 0.2,
      "f1-score": 0.20076045627376427,
      "support": 660.0
    },
    "Import/Export": {
      "precision": 0.19039451114922812,
      "recall": 0.16691729323308271,
      "f1-score": 0.1778846153846154,
      "support": 665.0
    },
    "Integration": {
      "precision": 0.22673031026252982,
      "recall": 0.2887537993920973,
      "f1-score": 0.2540106951871658,
      "support": 658.0
    },
    "License": {
      "precision": 0.19731543624161074,
      "recall": 0.22239031770045387,
      "f1-score": 0.20910384068278806,
      "support": 661.0
    },
    "New Feature": {
      "precision": 0.18992805755395684,
      "recall": 0.20121951219512196,
      "f1-score": 0.19541080680977055,
      "support": 656.0
    },
    "Performance": {
      "precision": 0.2171945701357466,
      "recall": 0.21951219512195122,
      "f1-score": 0.21834723275208492,
      "support": 656.0
    },
    "Subscription": {
      "precision": 0.19349845201238391,
      "recall": 0.1899696048632219,
      "f1-score": 0.19171779141104295,
      "support": 658.0
    },
    "Sync Error": {
      "precision": 0.20265379975874548,
      "recall": 0.25416036308623297,
      "f1-score": 0.22550335570469798,
      "support": 661.0
    },
    "UI/UX": {
      "precision": 0.20851063829787234,
      "recall": 0.21810089020771514,
      "f1-score": 0.2131979695431472,
      "support": 674.0
    },
    "Upgrade": {
      "precision": 0.20518867924528303,
      "recall": 0.13446676970633695,
      "f1-score": 0.16246498599439776,
      "support": 647.0
    },
    "Validation": {
      "precision": 0.1961904761904762,
      "recall": 0.15725190839694655,
      "f1-score": 0.17457627118644067,
      "support": 655.0
    },
    "Vulnerability": {
      "precision": 0.22064777327935223,
      "recall": 0.16846986089644514,
      "f1-score": 0.19106047326906223,
      "support": 647.0
    },
    "accuracy": 0.19987878787878788,
    "macro avg": {
      "precision": 0.20005542137131907,
      "recall": 0.1996078924798125,
      "f1-score": 0.19814354212120416,
      "support": 16500.0
    },
    "weighted avg": {
      "precision": 0.20005397459971877,
      "recall": 0.19987878787878788,
      "f1-score": 0.1982933635450449,
      "support": 16500.0
    }
  }
}