{
  "model_version": "20260213_174942_subcategory",
  "model_type": "xgboost",
  "metrics": {
    "API": {
      "precision": 0.1763668430335097,
      "recall": 0.1545595054095827,
      "f1-score": 0.16474464579901152,
      "support": 647.0
    },
    "Access Control": {
      "precision": 0.17157490396927016,
      "recall": 0.21337579617834396,
      "f1-score": 0.19020581973030518,
      "support": 628.0
    },
    "Authentication": {
      "precision": 0.20478325859491778,
      "recall": 0.20087976539589442,
      "f1-score": 0.20281273131014063,
      "support": 682.0
    },
    "Authorization": {
      "precision": 0.20555555555555555,
      "recall": 0.21796759941089838,
      "f1-score": 0.21157969978556113,
      "support": 679.0
    },
    "Billing": {
      "precision": 0.18938307030129126,
      "recall": 0.1924198250728863,
      "f1-score": 0.19088937093275488,
      "support": 686.0
    },
    "Bug": {
      "precision": 0.20642201834862386,
      "recall": 0.2112676056338028,
      "f1-score": 0.2088167053364269,
      "support": 639.0
    },
    "Compatibility": {
      "precision": 0.16772151898734178,
      "recall": 0.17179902755267423,
      "f1-score": 0.16973578863090472,
      "support": 617.0
    },
    "Compliance": {
      "precision": 0.1838006230529595,
      "recall": 0.1807044410413476,
      "f1-score": 0.18223938223938224,
      "support": 653.0
    },
    "Configuration": {
      "precision": 0.19087837837837837,
      "recall": 0.16189111747851004,
      "f1-score": 0.17519379844961241,
      "support": 698.0
    },
    "Corruption": {
      "precision": 0.20826446280991737,
      "recall": 0.1782178217821782,
      "f1-score": 0.19207317073170732,
      "support": 707.0
    },
    "Data Loss": {
      "precision": 0.2222222222222222,
      "recall": 0.2111801242236025,
      "f1-score": 0.21656050955414013,
      "support": 644.0
    },
    "Documentation": {
      "precision": 0.20715350223546944,
      "recall": 0.21417565485362094,
      "f1-score": 0.2106060606060606,
      "support": 649.0
    },
    "Encryption": {
      "precision": 0.19484702093397746,
      "recall": 0.18250377073906485,
      "f1-score": 0.18847352024922118,
      "support": 663.0
    },
    "Enhancement": {
      "precision": 0.2026431718061674,
      "recall": 0.2072072072072072,
      "f1-score": 0.20489977728285078,
      "support": 666.0
    },
    "Import/Export": {
      "precision": 0.1751990898748578,
      "recall": 0.2570951585976628,
      "f1-score": 0.2083897158322057,
      "support": 599.0
    },
    "Integration": {
      "precision": 0.2088235294117647,
      "recall": 0.21580547112462006,
      "f1-score": 0.21225710014947682,
      "support": 658.0
    },
    "License": {
      "precision": 0.18016528925619835,
      "recall": 0.16666666666666666,
      "f1-score": 0.17315329626687848,
      "support": 654.0
    },
    "New Feature": {
      "precision": 0.19782214156079855,
      "recall": 0.1669218989280245,
      "f1-score": 0.18106312292358803,
      "support": 653.0
    },
    "Performance": {
      "precision": 0.1958041958041958,
      "recall": 0.2118003025718608,
      "f1-score": 0.20348837209302326,
      "support": 661.0
    },
    "Subscription": {
      "precision": 0.1977715877437326,
      "recall": 0.20520231213872833,
      "f1-score": 0.20141843971631207,
      "support": 692.0
    },
    "Sync Error": {
      "precision": 0.20689655172413793,
      "recall": 0.21428571428571427,
      "f1-score": 0.21052631578947367,
      "support": 672.0
    },
    "UI/UX": {
      "precision": 0.2066905615292712,
      "recall": 0.25,
      "f1-score": 0.2262916939175932,
      "support": 692.0
    },
    "Upgrade": {
      "precision": 0.18066561014263074,
      "recall": 0.178125,
      "f1-score": 0.17938630999213218,
      "support": 640.0
    },
    "Validation": {
      "precision": 0.19029126213592232,
      "recall": 0.14306569343065692,
      "f1-score": 0.16333333333333333,
      "support": 685.0
    },
    "Vulnerability": {
      "precision": 0.2003780718336484,
      "recall": 0.16666666666666666,
      "f1-score": 0.18197424892703862,
      "support": 636.0
    },
    "accuracy": 0.1947878787878788,
    "macro avg": {
      "precision": 0.19488497764987042,
      "recall": 0.1949513658556086,
      "f1-score": 0.19400451718316541,
      "support": 16500.0
    },
    "weighted avg": {
      "precision": 0.1951341753601086,
      "recall": 0.1947878787878788,
      "f1-score": 0.1940686007508457,
      "support": 16500.0
    }
  }
}