{
  "model_version": "20260213_174605_subcategory",
  "model_type": "xgboost",
  "metrics": {
    "API": {
      "precision": 0.02459016393442623,
      "recall": 0.004552352048558422,
      "f1-score": 0.0076824583866837385,
      "support": 659.0
    },
    "Access Control": {
      "precision": 0.01867219917012448,
      "recall": 0.013595166163141994,
      "f1-score": 0.015734265734265736,
      "support": 662.0
    },
    "Authentication": {
      "precision": 0.047058823529411764,
      "recall": 0.14285714285714285,
      "f1-score": 0.07079646017699115,
      "support": 672.0
    },
    "Authorization": {
      "precision": 0.046052631578947366,
      "recall": 0.052316890881913304,
      "f1-score": 0.0489853044086774,
      "support": 669.0
    },
    "Billing": {
      "precision": 0.04061895551257253,
      "recall": 0.0626865671641791,
      "f1-score": 0.04929577464788732,
      "support": 670.0
    },
    "Bug": {
      "precision": 0.04424778761061947,
      "recall": 0.015174506828528073,
      "f1-score": 0.022598870056497175,
      "support": 659.0
    },
    "Compatibility": {
      "precision": 0.04838709677419355,
      "recall": 0.0093603744149766,
      "f1-score": 0.01568627450980392,
      "support": 641.0
    },
    "Compliance": {
      "precision": 0.04932735426008968,
      "recall": 0.09850746268656717,
      "f1-score": 0.06573705179282868,
      "support": 670.0
    },
    "Configuration": {
      "precision": 0.056074766355140186,
      "recall": 0.018209408194233688,
      "f1-score": 0.027491408934707903,
      "support": 659.0
    },
    "Corruption": {
      "precision": 0.04181745074386811,
      "recall": 0.1543026706231454,
      "f1-score": 0.06580196140461879,
      "support": 674.0
    },
    "Data Loss": {
      "precision": 0.05517241379310345,
      "recall": 0.012269938650306749,
      "f1-score": 0.020075282308657464,
      "support": 652.0
    },
    "Documentation": {
      "precision": 0.04932735426008968,
      "recall": 0.01669195751138088,
      "f1-score": 0.024943310657596373,
      "support": 659.0
    },
    "Encryption": {
      "precision": 0.04,
      "recall": 0.021341463414634148,
      "f1-score": 0.027833001988071572,
      "support": 656.0
    },
    "Enhancement": {
      "precision": 0.03225806451612903,
      "recall": 0.010606060606060607,
      "f1-score": 0.01596351197263398,
      "support": 660.0
    },
    "Import/Export": {
      "precision": 0.03633217993079585,
      "recall": 0.031578947368421054,
      "f1-score": 0.03378921962992759,
      "support": 665.0
    },
    "Integration": {
      "precision": 0.03278688524590164,
      "recall": 0.00911854103343465,
      "f1-score": 0.014268727705112961,
      "support": 658.0
    },
    "License": {
      "precision": 0.04887218045112782,
      "recall": 0.039334341906202726,
      "f1-score": 0.04358759430008382,
      "support": 661.0
    },
    "New Feature": {
      "precision": 0.04844961240310078,
      "recall": 0.038109756097560975,
      "f1-score": 0.042662116040955635,
      "support": 656.0
    },
    "Performance": {
      "precision": 0.033860045146726865,
      "recall": 0.022865853658536585,
      "f1-score": 0.0272975432211101,
      "support": 656.0
    },
    "Subscription": {
      "precision": 0.032663316582914576,
      "recall": 0.019756838905775075,
      "f1-score": 0.02462121212121212,
      "support": 658.0
    },
    "Sync Error": {
      "precision": 0.039603960396039604,
      "recall": 0.018154311649016642,
      "f1-score": 0.024896265560165973,
      "support": 661.0
    },
    "UI/UX": {
      "precision": 0.04251757616337462,
      "recall": 0.1884272997032641,
      "f1-score": 0.0693799508331057,
      "support": 674.0
    },
    "Upgrade": {
      "precision": 0.03167420814479638,
      "recall": 0.010819165378670788,
      "f1-score": 0.016129032258064516,
      "support": 647.0
    },
    "Validation": {
      "precision": 0.029411764705882353,
      "recall": 0.015267175572519083,
      "f1-score": 0.020100502512562814,
      "support": 655.0
    },
    "Vulnerability": {
      "precision": 0.05063291139240506,
      "recall": 0.01854714064914992,
      "f1-score": 0.027149321266968326,
      "support": 647.0
    },
    "accuracy": 0.04224242424242424,
    "macro avg": {
      "precision": 0.04081638810407125,
      "recall": 0.04177805335869282,
      "f1-score": 0.032900256897167635,
      "support": 16500.0
    },
    "weighted avg": {
      "precision": 0.04081606385238931,
      "recall": 0.04224242424242424,
      "f1-score": 0.03307775808697268,
      "support": 16500.0
    }
  }
}