{
  "model_version": "20260213_152101",
  "model_type": "xgboost",
  "metrics": {
    "API": {
      "precision": 0.19748653500897667,
      "recall": 0.1669195751138088,
      "f1-score": 0.18092105263157895,
      "support": 659.0
    },
    "Access Control": {
      "precision": 0.18956043956043955,
      "recall": 0.2084592145015106,
      "f1-score": 0.1985611510791367,
      "support": 662.0
    },
    "Authentication": {
      "precision": 0.21837088388214904,
      "recall": 0.1875,
      "f1-score": 0.20176140912730184,
      "support": 672.0
    },
    "Authorization": {
      "precision": 0.2095890410958904,
      "recall": 0.22869955156950672,
      "f1-score": 0.2187276626161544,
      "support": 669.0
    },
    "Billing": {
      "precision": 0.19397116644823068,
      "recall": 0.2208955223880597,
      "f1-score": 0.20655966503838102,
      "support": 670.0
    },
    "Bug": {
      "precision": 0.22091310751104565,
      "recall": 0.2276176024279211,
      "f1-score": 0.2242152466367713,
      "support": 659.0
    },
    "Compatibility": {
      "precision": 0.18956521739130436,
      "recall": 0.17004680187207488,
      "f1-score": 0.17927631578947367,
      "support": 641.0
    },
    "Compliance": {
      "precision": 0.2205056179775281,
      "recall": 0.23432835820895523,
      "f1-score": 0.2272069464544139,
      "support": 670.0
    },
    "Configuration": {
      "precision": 0.18223583460949463,
      "recall": 0.18057663125948406,
      "f1-score": 0.18140243902439024,
      "support": 659.0
    },
    "Corruption": {
      "precision": 0.23096129837702872,
      "recall": 0.2744807121661721,
      "f1-score": 0.25084745762711863,
      "support": 674.0
    },
    "Data Loss": {
      "precision": 0.19935691318327975,
      "recall": 0.1901840490797546,
      "f1-score": 0.1946624803767661,
      "support": 652.0
    },
    "Documentation": {
      "precision": 0.193033381712627,
      "recall": 0.20182094081942337,
      "f1-score": 0.19732937685459942,
      "support": 659.0
    },
    "Encryption": {
      "precision": 0.19434628975265017,
      "recall": 0.1676829268292683,
      "f1-score": 0.18003273322422259,
      "support": 656.0
    },
    "Enhancement": {
      "precision": 0.2353823088455772,
      "recall": 0.23787878787878788,
      "f1-score": 0.23662396382818388,
      "support": 660.0
    },
    "Import/Export": {
      "precision": 0.20765832106038293,
      "recall": 0.21203007518796993,
      "f1-score": 0.20982142857142858,
      "support": 665.0
    },
    "Integration": {
      "precision": 0.19595645412130638,
      "recall": 0.19148936170212766,
      "f1-score": 0.19369715603382015,
      "support": 658.0
    },
    "License": {
      "precision": 0.18544935805991442,
      "recall": 0.19667170953101362,
      "f1-score": 0.19089574155653452,
      "support": 661.0
    },
    "New Feature": {
      "precision": 0.20847457627118643,
      "recall": 0.1875,
      "f1-score": 0.19743178170144463,
      "support": 656.0
    },
    "Performance": {
      "precision": 0.1888111888111888,
      "recall": 0.20579268292682926,
      "f1-score": 0.19693654266958424,
      "support": 656.0
    },
    "Subscription": {
      "precision": 0.15574963609898107,
      "recall": 0.16261398176291794,
      "f1-score": 0.1591078066914498,
      "support": 658.0
    },
    "Sync Error": {
      "precision": 0.1949685534591195,
      "recall": 0.1875945537065053,
      "f1-score": 0.19121048573631458,
      "support": 661.0
    },
    "UI/UX": {
      "precision": 0.19875776397515527,
      "recall": 0.23738872403560832,
      "f1-score": 0.21636240703177823,
      "support": 674.0
    },
    "Upgrade": {
      "precision": 0.17792421746293247,
      "recall": 0.16692426584234932,
      "f1-score": 0.1722488038277512,
      "support": 647.0
    },
    "Validation": {
      "precision": 0.1975736568457539,
      "recall": 0.17404580152671756,
      "f1-score": 0.18506493506493507,
      "support": 655.0
    },
    "Vulnerability": {
      "precision": 0.1645101663585952,
      "recall": 0.1375579598145286,
      "f1-score": 0.14983164983164984,
      "support": 647.0
    },
    "accuracy": 0.19854545454545455,
    "macro avg": {
      "precision": 0.19804447711522952,
      "recall": 0.1982679916060518,
      "f1-score": 0.19762946556100733,
      "support": 16500.0
    },
    "weighted avg": {
      "precision": 0.19816361033469293,
      "recall": 0.19854545454545455,
      "f1-score": 0.19782544271728877,
      "support": 16500.0
    }
  }
}